Timestamp for sample frequency every 60 min min,Temperature_Fahrenheit,Relative_Humidity
2025-05-19 14:20:00,73.22,60
2025-05-19 15:20:00,69.44,66.3
2025-05-19 16:20:00,67.28,70.9
2025-05-19 17:20:00,66.74,72.6
2025-05-19 18:20:00,66.74,73.3
2025-05-19 19:20:00,66.56,73.6
2025-05-19 20:20:00,66.38,74
2025-05-19 21:20:00,66.02,74.1
2025-05-19 22:20:00,66.38,74.2
2025-05-19 23:20:00,66.38,74.5
2025-05-20 00:20:00,66.38,74.5
2025-05-20 01:20:00,66.2,74.7
2025-05-20 02:20:00,66.38,75
2025-05-20 03:20:00,66.2,75
2025-05-20 04:20:00,65.84,75.1
2025-05-20 05:20:00,66.38,75.4
2025-05-20 06:20:00,66.02,75.4
2025-05-20 07:20:00,66.02,75.4
2025-05-20 08:20:00,66.02,75.6
2025-05-20 09:20:00,66.02,75.8
2025-05-20 10:20:00,65.84,75.9
2025-05-20 11:20:00,66.38,76.3
2025-05-20 12:20:00,66.02,76.4
2025-05-20 13:20:00,66.02,77.1
2025-05-20 14:20:00,66.56,77.7
2025-05-20 15:20:00,66.74,78.4
2025-05-20 16:20:00,66.56,78.6
2025-05-20 17:20:00,66.74,78.6
2025-05-20 18:20:00,66.74,79
2025-05-20 19:20:00,66.56,79.1
2025-05-20 20:20:00,66.74,79.3
2025-05-20 21:20:00,66.74,79.6
2025-05-20 22:20:00,66.74,79.6
2025-05-20 23:20:00,66.92,79.8
2025-05-21 00:20:00,66.74,79.9
2025-05-21 01:20:00,66.56,79.9
2025-05-21 02:20:00,66.74,80.4
2025-05-21 03:20:00,66.74,80.6
2025-05-21 04:20:00,66.74,80.6
2025-05-21 05:20:00,66.74,80.6
2025-05-21 06:20:00,66.38,80.4
2025-05-21 07:20:00,66.74,80.4
2025-05-21 08:20:00,66.38,80.4
2025-05-21 09:20:00,66.56,80.5
2025-05-21 10:20:00,66.74,80.9
2025-05-21 11:20:00,66.38,81
2025-05-21 12:20:00,66.74,81.2
2025-05-21 13:20:00,66.56,80.9
2025-05-21 14:20:00,66.38,80.4
2025-05-21 15:20:00,66.74,79.4
2025-05-21 16:20:00,66.74,77.1
2025-05-21 17:20:00,66.38,74.2
2025-05-21 18:20:00,66.74,73.1
2025-05-21 19:20:00,66.74,72
2025-05-21 20:20:00,66.38,71.1
2025-05-21 21:20:00,66.56,70.4
2025-05-21 22:20:00,66.38,70.2
2025-05-21 23:20:00,66.02,69.4
2025-05-22 00:20:00,66.2,68.8
2025-05-22 01:20:00,66.02,68.3
2025-05-22 02:20:00,66.38,68
2025-05-22 03:20:00,66.02,67.6
2025-05-22 04:20:00,66.02,67.7
2025-05-22 05:20:00,65.84,67.3
2025-05-22 06:20:00,65.84,65.9
2025-05-22 07:20:00,65.48,66.2
2025-05-22 08:20:00,65.66,65.9
2025-05-22 09:20:00,65.66,65.4
2025-05-22 10:20:00,65.66,64.9
2025-05-22 11:20:00,65.48,64.4
2025-05-22 12:20:00,65.48,63.3
2025-05-22 13:20:00,65.48,59.8
2025-05-22 14:20:00,65.3,58.7
2025-05-22 15:20:00,65.66,56.4
2025-05-22 16:20:00,65.84,56.1
2025-05-22 17:20:00,65.66,56
2025-05-22 18:20:00,65.84,56.3
2025-05-22 19:20:00,65.84,56.5
2025-05-22 20:20:00,65.84,56.3
2025-05-22 21:20:00,66.02,56.8
2025-05-22 22:20:00,65.66,56.9
2025-05-22 23:20:00,65.66,57.1
2025-05-23 00:20:00,65.84,57.4
2025-05-23 01:20:00,65.48,57.2
2025-05-23 02:20:00,65.48,57.2
2025-05-23 03:20:00,65.3,56.8
2025-05-23 04:20:00,65.12,56.9
2025-05-23 05:20:00,64.94,57
2025-05-23 06:20:00,65.12,56.9
2025-05-23 07:20:00,64.94,56.6
2025-05-23 08:20:00,64.76,56.4
2025-05-23 09:20:00,64.94,57
2025-05-23 10:20:00,64.94,57.1
2025-05-23 11:20:00,64.94,57
2025-05-23 12:20:00,64.94,56.4
2025-05-23 13:20:00,64.76,56.5
2025-05-23 14:20:00,64.76,56.1
2025-05-23 15:20:00,64.76,55.9
2025-05-23 16:20:00,64.94,55.5
2025-05-23 17:20:00,65.12,55.7
2025-05-23 18:20:00,64.94,55.9
2025-05-23 19:20:00,64.94,56
2025-05-23 20:20:00,64.94,55.9
2025-05-23 21:20:00,64.94,56.2
2025-05-23 22:20:00,64.76,56.4
2025-05-23 23:20:00,64.58,56.7
2025-05-24 00:20:00,64.58,57
2025-05-24 01:20:00,64.58,56.8
2025-05-24 02:20:00,64.58,56.6
2025-05-24 03:20:00,64.22,56.3
2025-05-24 04:20:00,64.4,56.3
2025-05-24 05:20:00,64.22,55.8
2025-05-24 06:20:00,64.04,55.5
2025-05-24 07:20:00,63.86,55.3
2025-05-24 08:20:00,64.04,55.3
2025-05-24 09:20:00,63.68,55.6
2025-05-24 10:20:00,63.86,56.3
2025-05-24 11:20:00,64.04,56.7
2025-05-24 12:20:00,64.04,56.4
2025-05-24 13:20:00,63.86,56.2
2025-05-24 14:20:00,63.68,56
2025-05-24 15:20:00,63.86,56.4
2025-05-24 16:20:00,64.04,57
2025-05-24 17:20:00,64.04,57.1
2025-05-24 18:20:00,64.04,57.4
2025-05-24 19:20:00,64.04,57.7
2025-05-24 20:20:00,64.04,57.9
2025-05-24 21:20:00,64.04,58.6
2025-05-24 22:20:00,64.04,59
2025-05-24 23:20:00,64.04,59.2
2025-05-25 00:20:00,63.86,59.3
2025-05-25 01:20:00,64.04,59.6
2025-05-25 02:20:00,63.86,59.7
2025-05-25 03:20:00,63.86,59.8
2025-05-25 04:20:00,64.04,60
2025-05-25 05:20:00,63.86,60
2025-05-25 06:20:00,63.68,59.9
2025-05-25 07:20:00,63.68,60.1
2025-05-25 08:20:00,63.86,60.2
2025-05-25 09:20:00,63.86,59.9
2025-05-25 10:20:00,63.86,59.9
2025-05-25 11:20:00,63.32,60.1
2025-05-25 12:20:00,63.68,60.7
2025-05-25 13:20:00,63.68,61.5
2025-05-25 14:20:00,64.04,62.7
2025-05-25 15:20:00,64.04,63.8
2025-05-25 16:20:00,64.04,64.2
2025-05-25 17:20:00,63.86,64.6
2025-05-25 18:20:00,64.04,65.5
2025-05-25 19:20:00,64.22,65.7
2025-05-25 20:20:00,64.22,66.1
2025-05-25 21:20:00,64.4,66.5
2025-05-25 22:20:00,64.04,67.2
2025-05-25 23:20:00,64.22,67.7
2025-05-26 00:20:00,64.22,68.4
2025-05-26 01:20:00,64.58,68.8
2025-05-26 02:20:00,64.22,68.8
2025-05-26 03:20:00,64.04,69
2025-05-26 04:20:00,64.04,69.2
2025-05-26 05:20:00,64.22,69.2
2025-05-26 06:20:00,64.04,69.9
2025-05-26 07:20:00,64.58,70
2025-05-26 08:20:00,64.22,71
2025-05-26 09:20:00,64.22,71.1
2025-05-26 10:20:00,64.04,71.6
2025-05-26 11:20:00,64.4,72
2025-05-26 12:20:00,64.22,72.6
2025-05-26 13:20:00,64.58,73.5
2025-05-26 14:20:00,64.76,74.6
2025-05-26 15:20:00,64.22,74.7
2025-05-26 16:20:00,64.94,74.8
2025-05-26 17:20:00,64.76,74.3
2025-05-26 18:20:00,64.58,74
2025-05-26 19:20:00,64.76,73.8
2025-05-26 20:20:00,64.22,72.8
2025-05-26 21:20:00,64.58,72.4
2025-05-26 22:20:00,64.04,71.9
2025-05-26 23:20:00,64.04,71.4
2025-05-27 00:20:00,64.04,71.1
2025-05-27 01:20:00,63.86,70.7
2025-05-27 02:20:00,64.04,70.4
2025-05-27 03:20:00,64.04,70.1
2025-05-27 04:20:00,64.04,69.7
2025-05-27 05:20:00,63.68,69.4
2025-05-27 06:20:00,63.68,69.3
2025-05-27 07:20:00,63.68,69.2
2025-05-27 08:20:00,63.14,69.1
2025-05-27 09:20:00,63.32,69.1
2025-05-27 10:20:00,63.32,69.2
2025-05-27 11:20:00,63.32,69.1
2025-05-27 12:20:00,63.14,69.3
2025-05-27 13:20:00,63.14,69.6
2025-05-27 14:20:00,63.32,69.8
2025-05-27 15:20:00,63.32,69.8
2025-05-27 16:20:00,63.32,70.1
2025-05-27 17:20:00,63.14,70.4
2025-05-27 18:20:00,63.14,70.6
2025-05-27 19:20:00,63.14,70.7
2025-05-27 20:20:00,63.14,70.8
2025-05-27 21:20:00,63.14,70.6
2025-05-27 22:20:00,63.14,70.3
2025-05-27 23:20:00,63.14,70
2025-05-28 00:20:00,63.14,69.7
2025-05-28 01:20:00,62.78,69.7
2025-05-28 02:20:00,63.14,69.8
2025-05-28 03:20:00,62.6,69.7
2025-05-28 04:20:00,62.78,69.8
2025-05-28 05:20:00,62.78,69.9
2025-05-28 06:20:00,62.78,70
2025-05-28 07:20:00,62.42,70.1
2025-05-28 08:20:00,62.42,70.6
2025-05-28 09:20:00,62.78,70.9
2025-05-28 10:20:00,63.14,73.9
2025-05-28 11:20:00,63.14,73.7
2025-05-28 12:20:00,63.14,73.4
2025-05-28 13:20:00,63.14,73.6
2025-05-28 14:20:00,63.14,72.8
2025-05-28 15:20:00,63.14,74.1
2025-05-28 16:20:00,63.14,74.4
2025-05-28 17:20:00,63.14,74.2
2025-05-28 18:20:00,63.14,74.6
2025-05-28 19:20:00,63.14,76
2025-05-28 20:20:00,63.32,77.7
2025-05-28 21:20:00,63.68,78.7
2025-05-28 22:20:00,63.86,79.4
2025-05-28 23:20:00,63.68,80
2025-05-29 00:20:00,63.68,79.8
2025-05-29 01:20:00,64.04,79.8
2025-05-29 02:20:00,63.86,79.8
2025-05-29 03:20:00,64.04,80
2025-05-29 04:20:00,64.04,79.8
2025-05-29 05:20:00,63.68,79.9
2025-05-29 06:20:00,64.04,79.5
2025-05-29 07:20:00,64.04,79.6
2025-05-29 08:20:00,64.04,79.6
2025-05-29 09:20:00,64.04,79.8
2025-05-29 10:20:00,64.04,79.9
2025-05-29 11:20:00,64.04,80.2
2025-05-29 12:20:00,64.22,80.5
2025-05-29 13:20:00,64.04,80.4
2025-05-29 14:20:00,64.04,80.2
2025-05-29 15:20:00,64.04,80.4
2025-05-29 16:20:00,64.22,80.6
2025-05-29 17:20:00,64.22,80.7
2025-05-29 18:20:00,64.22,80.8
2025-05-29 19:20:00,64.58,80.8
2025-05-29 20:20:00,64.4,80.7
2025-05-29 21:20:00,64.22,80.5
2025-05-29 22:20:00,64.04,80.4
2025-05-29 23:20:00,64.04,80.4
2025-05-30 00:20:00,64.22,80.3
2025-05-30 01:20:00,64.22,79.9
2025-05-30 02:20:00,64.04,79.9
2025-05-30 03:20:00,64.04,80.1
2025-05-30 04:20:00,64.22,80.1
2025-05-30 05:20:00,64.04,79.9
2025-05-30 06:20:00,63.86,79.9
2025-05-30 07:20:00,64.04,79.9
2025-05-30 08:20:00,64.04,79.8
2025-05-30 09:20:00,64.22,79.9
2025-05-30 10:20:00,64.04,80.2
2025-05-30 11:20:00,64.04,80.1
2025-05-30 12:20:00,64.04,80.1
2025-05-30 13:20:00,64.04,80.4
2025-05-30 14:20:00,64.22,80.8
2025-05-30 15:20:00,64.22,81.1
2025-05-30 16:20:00,64.4,80.6
2025-05-30 17:20:00,64.22,80
2025-05-30 18:20:00,64.04,79.8
2025-05-30 19:20:00,64.04,79.2
2025-05-30 20:20:00,63.86,78.3
2025-05-30 21:20:00,64.04,77.5
2025-05-30 22:20:00,63.86,76.7
2025-05-30 23:20:00,63.86,76
2025-05-31 00:20:00,63.68,75.3
2025-05-31 01:20:00,63.68,75
2025-05-31 02:20:00,63.5,74.4
2025-05-31 03:20:00,63.32,73.9
2025-05-31 04:20:00,63.68,73.6
2025-05-31 05:20:00,63.14,73.5
2025-05-31 06:20:00,63.14,73.4
2025-05-31 07:20:00,63.32,73.3
2025-05-31 08:20:00,63.14,73.2
2025-05-31 09:20:00,63.14,73.2
2025-05-31 10:20:00,63.32,73.5
2025-05-31 11:20:00,63.14,73.8
2025-05-31 12:20:00,63.14,73.9
2025-05-31 13:20:00,63.68,73.9
2025-05-31 14:20:00,63.32,73.9
2025-05-31 15:20:00,63.32,73.9
2025-05-31 16:20:00,63.32,74
2025-05-31 17:20:00,63.68,74.2
2025-05-31 18:20:00,63.68,74.1
2025-05-31 19:20:00,63.86,74.1
2025-05-31 20:20:00,63.68,73.9
2025-05-31 21:20:00,63.68,73.6
2025-05-31 22:20:00,63.32,73.7
2025-05-31 23:20:00,63.68,73.5
2025-06-01 00:20:00,63.68,73.4
2025-06-01 01:20:00,63.68,73.6
2025-06-01 02:20:00,63.68,73.4
2025-06-01 03:20:00,63.86,73.5
2025-06-01 04:20:00,63.68,73.4
2025-06-01 05:20:00,63.68,73.3
2025-06-01 06:20:00,63.68,73.3
2025-06-01 07:20:00,63.5,73
2025-06-01 08:20:00,63.68,73
2025-06-01 09:20:00,63.68,73.2
2025-06-01 10:20:00,63.86,73.6
2025-06-01 11:20:00,63.86,73.5
2025-06-01 12:20:00,64.04,73.8
2025-06-01 13:20:00,63.86,74
2025-06-01 14:20:00,64.22,74.3
2025-06-01 15:20:00,64.04,74.3
2025-06-01 16:20:00,64.04,74.2
2025-06-01 17:20:00,64.04,74.4
2025-06-01 18:20:00,64.04,74.4
2025-06-01 19:20:00,64.22,74.6
2025-06-01 20:20:00,64.22,74.6
2025-06-01 21:20:00,64.04,74.9
2025-06-01 22:20:00,64.4,75.1
2025-06-01 23:20:00,64.22,75.4
2025-06-02 00:20:00,64.22,75.3
2025-06-02 01:20:00,64.04,75.3
2025-06-02 02:20:00,64.22,75.4
2025-06-02 03:20:00,64.4,75.4
2025-06-02 04:20:00,64.58,75.6
2025-06-02 05:20:00,64.04,75.6
2025-06-02 06:20:00,64.22,75.8
2025-06-02 07:20:00,64.04,75.7
2025-06-02 08:20:00,64.04,75.9
2025-06-02 09:20:00,64.04,76
2025-06-02 10:20:00,64.22,76.4
2025-06-02 11:20:00,64.22,76.9
2025-06-02 12:20:00,64.22,77
2025-06-02 13:20:00,64.58,76.9
2025-06-02 14:20:00,64.58,76.7
2025-06-02 15:20:00,64.94,76.7
2025-06-02 16:20:00,64.76,76.7
2025-06-02 17:20:00,64.94,76.3
2025-06-02 18:20:00,64.94,76.1
2025-06-02 19:20:00,64.94,76.3
2025-06-02 20:20:00,64.94,76.5
2025-06-02 21:20:00,64.94,76.6
2025-06-02 22:20:00,65.12,76.8
2025-06-02 23:20:00,64.94,76.9
2025-06-03 00:20:00,64.94,77.1
2025-06-03 01:20:00,65.12,77.1
2025-06-03 02:20:00,65.12,77.2
2025-06-03 03:20:00,64.94,77
2025-06-03 04:20:00,65.3,77.1
2025-06-03 05:20:00,64.94,77.1
2025-06-03 06:20:00,65.12,77.1
2025-06-03 07:20:00,64.94,77
2025-06-03 08:20:00,64.94,77
2025-06-03 09:20:00,64.94,76.9
2025-06-03 10:20:00,64.94,76.9
2025-06-03 11:20:00,64.94,77
2025-06-03 12:20:00,65.12,77.2
2025-06-03 13:20:00,65.48,77.3
2025-06-03 14:20:00,65.66,77.4
2025-06-03 15:20:00,65.66,77.3
2025-06-03 16:20:00,66.02,77.1
2025-06-03 17:20:00,65.84,76.8
2025-06-03 18:20:00,66.02,76.8
2025-06-03 19:20:00,66.02,77
2025-06-03 20:20:00,66.02,77.3
2025-06-03 21:20:00,65.84,77.2
2025-06-03 22:20:00,66.02,77.3
2025-06-03 23:20:00,66.2,77.5
2025-06-04 00:20:00,66.02,77.6
2025-06-04 01:20:00,66.38,77.5
2025-06-04 02:20:00,66.2,77.2
2025-06-04 03:20:00,66.02,76.9
2025-06-04 04:20:00,66.02,76.7
2025-06-04 05:20:00,66.02,76.7
2025-06-04 06:20:00,66.02,76.9
2025-06-04 07:20:00,66.02,77
2025-06-04 08:20:00,66.2,77.2
2025-06-04 09:20:00,65.84,77.3
2025-06-04 10:20:00,65.84,77.2
2025-06-04 11:20:00,66.02,77.4
2025-06-04 12:20:00,65.84,77.4
2025-06-04 13:20:00,66.2,77.3
2025-06-04 14:20:00,66.38,77.6
2025-06-04 15:20:00,66.38,77.9
2025-06-04 16:20:00,66.56,78.2
2025-06-04 17:20:00,66.74,78.4
2025-06-04 18:20:00,66.74,78.7
2025-06-04 19:20:00,66.92,78.9
2025-06-04 20:20:00,66.92,79
2025-06-04 21:20:00,67.28,79.3
2025-06-04 22:20:00,66.74,79.4
2025-06-04 23:20:00,66.92,79.8
2025-06-05 00:20:00,66.74,79.9
2025-06-05 01:20:00,66.74,79.9
2025-06-05 02:20:00,66.74,80
2025-06-05 03:20:00,66.74,80.1
2025-06-05 04:20:00,66.92,79.9
2025-06-05 05:20:00,66.92,80
2025-06-05 06:20:00,66.74,79.8
2025-06-05 07:20:00,66.74,79.9
2025-06-05 08:20:00,66.74,79.7
2025-06-05 09:20:00,66.74,79.6
2025-06-05 10:20:00,66.74,79.9
2025-06-05 11:20:00,66.56,80.2
2025-06-05 12:20:00,66.74,80.5
2025-06-05 13:20:00,66.56,80.4
2025-06-05 14:20:00,66.74,80.8
2025-06-05 15:20:00,66.74,80.9
2025-06-05 16:20:00,67.28,81.6
2025-06-05 17:20:00,67.28,81.8
2025-06-05 18:20:00,67.28,81.9
2025-06-05 19:20:00,67.28,82
2025-06-05 20:20:00,67.1,82.2
2025-06-05 21:20:00,67.28,82.5
2025-06-05 22:20:00,67.28,82.5
2025-06-05 23:20:00,67.28,82.5
2025-06-06 00:20:00,67.28,82.5
2025-06-06 01:20:00,67.28,82.4
2025-06-06 02:20:00,67.28,82.6
2025-06-06 03:20:00,67.28,82.5
2025-06-06 04:20:00,67.28,82.4
2025-06-06 05:20:00,67.28,82.6
2025-06-06 06:20:00,67.28,82.5
2025-06-06 07:20:00,66.74,82.4
2025-06-06 08:20:00,66.92,82.5
2025-06-06 09:20:00,66.74,82.5
2025-06-06 10:20:00,66.74,82.2
2025-06-06 11:20:00,67.46,82.4
2025-06-06 12:20:00,67.28,82.4
2025-06-06 13:20:00,67.46,82.5
2025-06-06 14:20:00,67.1,82.4
2025-06-06 15:20:00,67.46,82.3
2025-06-06 16:20:00,67.64,82.2
2025-06-06 17:20:00,67.64,82.5
2025-06-06 18:20:00,67.64,82.3
2025-06-06 19:20:00,67.64,82.5
2025-06-06 20:20:00,68,83.4
2025-06-06 21:20:00,67.64,83.7
2025-06-06 22:20:00,67.82,83.8
2025-06-06 23:20:00,67.82,83.8
2025-06-07 00:20:00,67.64,83.4
2025-06-07 01:20:00,67.82,83.4
2025-06-07 02:20:00,67.64,83.3
2025-06-07 03:20:00,67.64,83.3
2025-06-07 04:20:00,67.64,83.4
2025-06-07 05:20:00,67.64,83.4
2025-06-07 06:20:00,67.82,83.6
2025-06-07 07:20:00,67.82,83.5
2025-06-07 08:20:00,67.82,83.8
2025-06-07 09:20:00,67.64,83.9
2025-06-07 10:20:00,67.64,84
2025-06-07 11:20:00,67.82,84
2025-06-07 12:20:00,67.82,84
2025-06-07 13:20:00,67.64,84.2
2025-06-07 14:20:00,67.82,84.4
2025-06-07 15:20:00,68,84.5
2025-06-07 16:20:00,68.36,84.6
2025-06-07 17:20:00,68.18,84.3
2025-06-07 18:20:00,68.18,84.5
2025-06-07 19:20:00,68.18,84.4
2025-06-07 20:20:00,68.18,84.6
2025-06-07 21:20:00,68.36,84.6
2025-06-07 22:20:00,68.54,84.7
2025-06-07 23:20:00,68.36,84.7
2025-06-08 00:20:00,68.36,84.4
2025-06-08 01:20:00,68.18,84.4
2025-06-08 02:20:00,67.64,83.9
2025-06-08 03:20:00,68.18,83.6
2025-06-08 04:20:00,67.82,83.3
2025-06-08 05:20:00,67.82,83.2
2025-06-08 06:20:00,68,83
2025-06-08 07:20:00,67.64,82.7
2025-06-08 08:20:00,67.64,82.9
2025-06-08 09:20:00,67.64,83.2
2025-06-08 10:20:00,68,83.5
2025-06-08 11:20:00,67.64,83.5
2025-06-08 12:20:00,68,83.8
2025-06-08 13:20:00,67.64,83.4
2025-06-08 14:20:00,68.18,82.9
2025-06-08 15:20:00,68.18,82.9
2025-06-08 16:20:00,68.18,82.5
2025-06-08 17:20:00,68.36,82.3
2025-06-08 18:20:00,68.18,81.8
2025-06-08 19:20:00,68.54,81.8
2025-06-08 20:20:00,68.54,81.6
2025-06-08 21:20:00,68.54,81.4
2025-06-08 22:20:00,68.36,81.4
2025-06-08 23:20:00,68.54,81.2
2025-06-09 00:20:00,68.54,81.1
2025-06-09 01:20:00,68.36,81.1
2025-06-09 02:20:00,68.54,81.1
2025-06-09 03:20:00,68.18,80.9
2025-06-09 04:20:00,68.54,80.9
2025-06-09 05:20:00,68.54,81.1
2025-06-09 06:20:00,68.18,81
2025-06-09 07:20:00,68.54,81
2025-06-09 08:20:00,68.18,81
2025-06-09 09:20:00,68,81.1
2025-06-09 10:20:00,68.18,80.9
2025-06-09 11:20:00,68.36,80.8
2025-06-09 12:20:00,68.18,80.9
2025-06-09 13:20:00,68.54,80.6
2025-06-09 14:20:00,68.36,80
2025-06-09 15:20:00,68.54,79.7
2025-06-09 16:20:00,68.54,79.5
2025-06-09 17:20:00,68.54,79.6
2025-06-09 18:20:00,68.54,79.9
2025-06-09 19:20:00,68.72,80.7
2025-06-09 20:20:00,68.54,81.2
2025-06-09 21:20:00,68.54,81.4
2025-06-09 22:20:00,68.54,81.6
2025-06-09 23:20:00,68.54,81.8
2025-06-10 00:20:00,68.54,81.8
2025-06-10 01:20:00,68.36,81.5
2025-06-10 02:20:00,68.54,81.5
2025-06-10 03:20:00,68.36,81.6
2025-06-10 04:20:00,68,81.3
2025-06-10 05:20:00,68.36,81.4
2025-06-10 06:20:00,68.18,81.3
2025-06-10 07:20:00,67.82,81.1
2025-06-10 08:20:00,68,81
2025-06-10 09:20:00,68,80.9
2025-06-10 10:20:00,67.82,81.1
2025-06-10 11:20:00,68,81.6
2025-06-10 12:20:00,68,81.8
2025-06-10 13:20:00,68.36,82.1
2025-06-10 14:20:00,67.82,82.4
2025-06-10 15:20:00,68.36,82.7
2025-06-10 16:20:00,68.36,82.9
2025-06-10 17:20:00,68.54,83.4
2025-06-10 18:20:00,68.54,83.4
2025-06-10 19:20:00,68.54,83.2
2025-06-10 20:20:00,68.36,82.6
2025-06-10 21:20:00,68.18,81.9
2025-06-10 22:20:00,68.36,81.5
2025-06-10 23:20:00,68.36,81.2
2025-06-11 00:20:00,68,80.4
2025-06-11 01:20:00,67.82,79.7
2025-06-11 02:20:00,67.64,79.3
2025-06-11 03:20:00,67.46,78.8
2025-06-11 04:20:00,68.18,78.3
2025-06-11 05:20:00,67.64,77.9
2025-06-11 06:20:00,67.46,77.9
2025-06-11 07:20:00,67.46,76.9
2025-06-11 08:20:00,67.64,76.7
2025-06-11 09:20:00,67.64,76.5
2025-06-11 10:20:00,67.28,76.4
2025-06-11 11:20:00,67.82,76.5
2025-06-11 12:20:00,67.28,76.5
2025-06-11 13:20:00,67.46,76.7
2025-06-11 14:20:00,67.64,76.5
2025-06-11 15:20:00,67.64,76.1
2025-06-11 16:20:00,68,76.2
2025-06-11 17:20:00,67.82,76.4
2025-06-11 18:20:00,67.82,76.3
2025-06-11 19:20:00,68.18,76.8
2025-06-11 20:20:00,68,77.2
2025-06-11 21:20:00,68,77.2
2025-06-11 22:20:00,68.18,77.3
2025-06-11 23:20:00,68.36,77.4
2025-06-12 00:20:00,68,77.3
2025-06-12 01:20:00,68.18,77.1
2025-06-12 02:20:00,68.18,77.1
2025-06-12 03:20:00,68,77
2025-06-12 04:20:00,68.18,76.9
2025-06-12 05:20:00,68.18,77.2
2025-06-12 06:20:00,67.82,77.3
2025-06-12 07:20:00,67.82,77.4
2025-06-12 08:20:00,68.18,77.6
2025-06-12 09:20:00,68.18,78
2025-06-12 10:20:00,68.18,78.2
2025-06-12 11:20:00,68.18,78.5
2025-06-12 12:20:00,68.18,78.9
2025-06-12 13:20:00,68.18,79.4
2025-06-12 14:20:00,68.54,79.8
2025-06-12 15:20:00,68.54,80.1
2025-06-12 16:20:00,68.54,80.4
2025-06-12 17:20:00,68.54,80.7
2025-06-12 18:20:00,68.54,81.1
2025-06-12 19:20:00,68.54,81.2
2025-06-12 20:20:00,68.54,81.6
2025-06-12 21:20:00,68.54,81.5
2025-06-12 22:20:00,68.54,81.7
2025-06-12 23:20:00,68.54,81.9
2025-06-13 00:20:00,68.72,82.1
2025-06-13 01:20:00,68.54,82.1
2025-06-13 02:20:00,68.72,82.1
2025-06-13 03:20:00,68.54,82
2025-06-13 04:20:00,68.54,82.2
2025-06-13 05:20:00,68.54,82.2
2025-06-13 06:20:00,68.54,82
2025-06-13 07:20:00,68.54,82
2025-06-13 08:20:00,68.54,82
2025-06-13 09:20:00,68.54,82.2
2025-06-13 10:20:00,68.54,82.3
2025-06-13 11:20:00,68.54,82.6
2025-06-13 12:20:00,68.72,83
2025-06-13 13:20:00,68.54,83.3
2025-06-13 14:20:00,68.54,83.4
2025-06-13 15:20:00,68.72,83.8
2025-06-13 16:20:00,69.08,84.1
2025-06-13 17:20:00,69.08,83.8
2025-06-13 18:20:00,69.26,83.6
2025-06-13 19:20:00,69.08,83.4
2025-06-13 20:20:00,69.26,84.2
2025-06-13 21:20:00,69.08,84.4
2025-06-13 22:20:00,69.26,84.6
2025-06-13 23:20:00,69.44,84.6
2025-06-14 00:20:00,68.9,84.7
2025-06-14 01:20:00,69.08,84.7
2025-06-14 02:20:00,69.26,84.6
2025-06-14 03:20:00,69.08,84.5
2025-06-14 04:20:00,69.26,84.5
2025-06-14 05:20:00,68.72,84.3
2025-06-14 06:20:00,69.08,84.4
2025-06-14 07:20:00,68.72,84.3
2025-06-14 08:20:00,69.08,84.5
2025-06-14 09:20:00,69.08,84.5
2025-06-14 10:20:00,69.08,84.6
2025-06-14 11:20:00,69.26,84.6
2025-06-14 12:20:00,69.26,84.3
2025-06-14 13:20:00,69.08,84.2
2025-06-14 14:20:00,69.26,83.9
2025-06-14 15:20:00,69.62,83.5
2025-06-14 16:20:00,69.44,83
2025-06-14 17:20:00,69.62,82.9
2025-06-14 18:20:00,69.8,83.3
2025-06-14 19:20:00,69.62,83.3
2025-06-14 20:20:00,69.62,83.4
2025-06-14 21:20:00,69.8,83.6
2025-06-14 22:20:00,69.8,83.6
2025-06-14 23:20:00,69.8,83.6
2025-06-15 00:20:00,69.8,83.6
2025-06-15 01:20:00,69.98,83.7
2025-06-15 02:20:00,69.98,83.7
2025-06-15 03:20:00,70.16,83.6
2025-06-15 04:20:00,69.98,83.8
2025-06-15 05:20:00,69.98,83.8
2025-06-15 06:20:00,69.98,83.8
2025-06-15 07:20:00,69.98,83.7
2025-06-15 08:20:00,69.98,83.6
2025-06-15 09:20:00,69.8,83.4
2025-06-15 10:20:00,69.62,83.5
2025-06-15 11:20:00,69.98,83.4
2025-06-15 12:20:00,69.62,83.3
2025-06-15 13:20:00,69.98,83.7
2025-06-15 14:20:00,69.8,84.5
2025-06-15 15:20:00,70.16,84.8
2025-06-15 16:20:00,70.34,85.8
2025-06-15 17:20:00,70.34,85.4
2025-06-15 18:20:00,70.52,85.1
2025-06-15 19:20:00,70.34,84.9
2025-06-15 20:20:00,70.34,84.8
2025-06-15 21:20:00,70.52,85.2
2025-06-15 22:20:00,70.52,85
2025-06-15 23:20:00,70.34,85
2025-06-16 00:20:00,70.52,85.1
2025-06-16 01:20:00,70.34,85.1
2025-06-16 02:20:00,70.34,84.9
2025-06-16 03:20:00,70.34,84.8
2025-06-16 04:20:00,70.34,84.7
2025-06-16 05:20:00,70.52,84.7
2025-06-16 06:20:00,70.34,84.6
2025-06-16 07:20:00,70.52,84.7
2025-06-16 08:20:00,70.52,84.7
2025-06-16 09:20:00,70.34,84.3
2025-06-16 10:20:00,70.16,84
2025-06-16 11:20:00,70.16,83.9
2025-06-16 12:20:00,70.34,83.6
2025-06-16 13:20:00,70.16,83.2
2025-06-16 14:20:00,70.34,83.6
2025-06-16 15:20:00,70.52,83.8
2025-06-16 16:20:00,70.34,84.2
2025-06-16 17:20:00,70.88,84.7
2025-06-16 18:20:00,70.52,84.6
2025-06-16 19:20:00,70.7,84.6
2025-06-16 20:20:00,70.52,84.6
2025-06-16 21:20:00,70.7,84.7
2025-06-16 22:20:00,70.52,84.4
2025-06-16 23:20:00,70.52,84.8
2025-06-17 00:20:00,70.88,85.1
2025-06-17 01:20:00,70.34,85
2025-06-17 02:20:00,70.34,85.1
2025-06-17 03:20:00,70.34,85.1
2025-06-17 04:20:00,70.52,85.2
2025-06-17 05:20:00,70.34,85
2025-06-17 06:20:00,70.34,85
2025-06-17 07:20:00,70.34,85
2025-06-17 08:20:00,70.16,84.7
2025-06-17 09:20:00,70.34,84.8
2025-06-17 10:20:00,70.16,84.6
2025-06-17 11:20:00,70.16,84.4
2025-06-17 12:20:00,70.34,84.1
2025-06-17 13:20:00,70.34,84
2025-06-17 14:20:00,70.34,83.8
2025-06-17 15:20:00,70.34,84.2
2025-06-17 16:20:00,70.52,84.2
2025-06-17 17:20:00,70.52,84.2
2025-06-17 18:20:00,70.52,84.5
2025-06-17 19:20:00,70.52,84.3
2025-06-17 20:20:00,70.52,84.3
2025-06-17 21:20:00,71.06,84.9
2025-06-17 22:20:00,70.7,85.1
2025-06-17 23:20:00,70.52,84.7
2025-06-18 00:20:00,70.7,84.8
2025-06-18 01:20:00,70.34,84.7
2025-06-18 02:20:00,70.52,84.7
2025-06-18 03:20:00,70.34,84.5
2025-06-18 04:20:00,70.34,84.3
2025-06-18 05:20:00,70.52,84.3
2025-06-18 06:20:00,70.16,84.1
2025-06-18 07:20:00,70.16,83.9
2025-06-18 08:20:00,70.34,83.9
2025-06-18 09:20:00,70.34,83.9
2025-06-18 10:20:00,70.34,83.9
2025-06-18 11:20:00,70.34,83.6
2025-06-18 12:20:00,70.34,83.5
2025-06-18 13:20:00,70.34,83.7
2025-06-18 14:20:00,70.34,83.7
2025-06-18 15:20:00,70.52,84
2025-06-18 16:20:00,70.52,83.8
2025-06-18 17:20:00,70.88,83.7
2025-06-18 18:20:00,71.24,84.2
2025-06-18 19:20:00,70.88,84.4
2025-06-18 20:20:00,71.06,84.4
2025-06-18 21:20:00,70.88,84.5
2025-06-18 22:20:00,71.24,84.7
2025-06-18 23:20:00,70.88,84.6
2025-06-19 00:20:00,70.88,84.4
2025-06-19 01:20:00,71.24,84.3
2025-06-19 02:20:00,70.88,84.2
2025-06-19 03:20:00,70.88,84.2
2025-06-19 04:20:00,70.7,84.1
2025-06-19 05:20:00,70.52,83.9
2025-06-19 06:20:00,70.52,83.7
2025-06-19 07:20:00,70.52,83.6
2025-06-19 08:20:00,70.52,83.5
2025-06-19 09:20:00,70.52,83.4
2025-06-19 10:20:00,70.7,83.6
2025-06-19 11:20:00,70.34,83.2
2025-06-19 12:20:00,70.52,83.1
2025-06-19 13:20:00,70.34,82.8
2025-06-19 14:20:00,70.52,83
2025-06-19 15:20:00,70.7,83.1
2025-06-19 16:20:00,70.52,83.2
2025-06-19 17:20:00,70.88,83.4
2025-06-19 18:20:00,70.88,83.1
2025-06-19 19:20:00,70.88,83.1
2025-06-19 20:20:00,70.88,83
2025-06-19 21:20:00,70.88,82.8
2025-06-19 22:20:00,70.88,82.9
2025-06-19 23:20:00,70.52,83
2025-06-20 00:20:00,71.06,83.2
2025-06-20 01:20:00,70.88,83.2
2025-06-20 02:20:00,70.7,83.3
2025-06-20 03:20:00,70.7,83.2
2025-06-20 04:20:00,70.52,83.1
2025-06-20 05:20:00,70.88,82.9
2025-06-20 06:20:00,70.34,82.6
2025-06-20 07:20:00,70.34,82.6
2025-06-20 08:20:00,70.34,82.2
2025-06-20 09:20:00,70.34,82.1
2025-06-20 10:20:00,70.16,82
2025-06-20 11:20:00,70.34,81.8
2025-06-20 12:20:00,70.34,82
2025-06-20 13:20:00,70.34,81.9
2025-06-20 14:20:00,70.34,81.7
2025-06-20 15:20:00,70.52,81.5
2025-06-20 16:20:00,70.88,81.5
2025-06-20 17:20:00,70.7,81.5
2025-06-20 18:20:00,70.52,82
2025-06-20 19:20:00,70.88,82
2025-06-20 20:20:00,70.52,81.9
2025-06-20 21:20:00,70.52,81.9
2025-06-20 22:20:00,70.52,81.9
2025-06-20 23:20:00,70.7,81.7
2025-06-21 00:20:00,70.88,81.4
2025-06-21 01:20:00,70.52,81.3
2025-06-21 02:20:00,70.88,81.3
2025-06-21 03:20:00,70.7,81.2
2025-06-21 04:20:00,70.52,81
2025-06-21 05:20:00,70.34,81
2025-06-21 06:20:00,70.34,80.9
2025-06-21 07:20:00,70.34,81.1
2025-06-21 08:20:00,70.34,81.1
2025-06-21 09:20:00,70.34,81.3
2025-06-21 10:20:00,70.34,81.4
2025-06-21 11:20:00,70.34,81.3
2025-06-21 12:20:00,70.34,81.3
2025-06-21 13:20:00,70.52,81.4
2025-06-21 14:20:00,70.88,81.2
2025-06-21 15:20:00,70.88,81.7
2025-06-21 16:20:00,71.06,82.1
2025-06-21 17:20:00,71.24,82.4
2025-06-21 18:20:00,71.24,82.5
2025-06-21 19:20:00,70.88,82.4
2025-06-21 20:20:00,71.24,82.5
2025-06-21 21:20:00,71.06,82.5
2025-06-21 22:20:00,71.24,82.5
2025-06-21 23:20:00,70.88,82.5
2025-06-22 00:20:00,71.24,82.6
2025-06-22 01:20:00,70.88,82.6
2025-06-22 02:20:00,71.24,82.7
2025-06-22 03:20:00,71.06,82.6
2025-06-22 04:20:00,71.24,82.6
2025-06-22 05:20:00,71.24,82.6
2025-06-22 06:20:00,70.88,82.6
2025-06-22 07:20:00,71.24,82.7
2025-06-22 08:20:00,70.88,82.6
2025-06-22 09:20:00,71.24,82.7
2025-06-22 10:20:00,70.52,82.3
2025-06-22 11:20:00,70.88,82
2025-06-22 12:20:00,70.88,82.1
2025-06-22 13:20:00,70.88,81.9
2025-06-22 14:20:00,70.88,81.8
2025-06-22 15:20:00,70.88,81.8
2025-06-22 16:20:00,71.24,81.6
2025-06-22 17:20:00,71.42,82.4
2025-06-22 18:20:00,71.42,83
2025-06-22 19:20:00,71.24,83.4
2025-06-22 20:20:00,71.24,83.3
2025-06-22 21:20:00,71.42,83.1
2025-06-22 22:20:00,71.24,82.9
2025-06-22 23:20:00,71.24,82.8
2025-06-23 00:20:00,71.42,82.7
2025-06-23 01:20:00,71.24,82.7
2025-06-23 02:20:00,71.24,82.6
2025-06-23 03:20:00,71.24,82.6
2025-06-23 04:20:00,71.24,82.6
2025-06-23 05:20:00,71.24,82.8
2025-06-23 06:20:00,71.24,82.8
2025-06-23 07:20:00,71.24,82.7
2025-06-23 08:20:00,71.06,82.9
2025-06-23 09:20:00,71.24,82.9
2025-06-23 10:20:00,71.06,82.6
2025-06-23 11:20:00,71.24,82.8
2025-06-23 12:20:00,71.24,83.1
2025-06-23 13:20:00,71.24,83
2025-06-23 14:20:00,71.24,83.1
2025-06-23 15:20:00,71.24,83.1
2025-06-23 16:20:00,71.6,83
2025-06-23 17:20:00,71.78,82.8
2025-06-23 18:20:00,71.42,82.7
2025-06-23 19:20:00,71.42,82.7
2025-06-23 20:20:00,71.42,82.4
2025-06-23 21:20:00,71.6,82.3
2025-06-23 22:20:00,71.78,82.3
2025-06-23 23:20:00,71.42,82
2025-06-24 00:20:00,71.78,81.7
2025-06-24 01:20:00,71.78,82
2025-06-24 02:20:00,71.96,82
2025-06-24 03:20:00,71.42,82.1
2025-06-24 04:20:00,71.42,82.3
2025-06-24 05:20:00,71.78,82.5
2025-06-24 06:20:00,71.96,82.6
2025-06-24 07:20:00,71.42,82.9
2025-06-24 08:20:00,71.42,82.7
2025-06-24 09:20:00,71.24,82.6
2025-06-24 10:20:00,71.78,82.8
2025-06-24 11:20:00,71.6,82.7
2025-06-24 12:20:00,71.42,82.4
2025-06-24 13:20:00,71.42,82.3
2025-06-24 14:20:00,71.42,82
2025-06-24 15:20:00,71.96,82
2025-06-24 16:20:00,71.96,82.2
2025-06-24 17:20:00,71.96,82.2
2025-06-24 18:20:00,71.96,82.3
2025-06-24 19:20:00,72.32,82.3
2025-06-24 20:20:00,72.14,82.5
2025-06-24 21:20:00,72.14,82.6
2025-06-24 22:20:00,72.14,82.6
2025-06-24 23:20:00,72.14,82.5
2025-06-25 00:20:00,72.14,82.3
2025-06-25 01:20:00,72.32,82.5
2025-06-25 02:20:00,72.32,82.6
2025-06-25 03:20:00,71.96,82.5
2025-06-25 04:20:00,72.14,82.8
2025-06-25 05:20:00,72.14,82.8
2025-06-25 06:20:00,72.14,82.9
2025-06-25 07:20:00,72.14,83
2025-06-25 08:20:00,72.14,83.1
2025-06-25 09:20:00,72.14,83.2
2025-06-25 10:20:00,72.14,82.8
2025-06-25 11:20:00,71.78,82.6
2025-06-25 12:20:00,72.14,82.5
2025-06-25 13:20:00,72.14,82.2
2025-06-25 14:20:00,72.14,82
2025-06-25 15:20:00,72.14,81.9
2025-06-25 16:20:00,72.32,82.9
2025-06-25 17:20:00,72.14,83.3
2025-06-25 18:20:00,72.32,83.6
2025-06-25 19:20:00,72.32,83.6
2025-06-25 20:20:00,72.68,83.7
2025-06-25 21:20:00,72.32,83.5
2025-06-25 22:20:00,72.14,83.5
2025-06-25 23:20:00,72.32,83.3
2025-06-26 00:20:00,72.5,83.2
2025-06-26 01:20:00,72.32,83.1
2025-06-26 02:20:00,72.32,83.2
2025-06-26 03:20:00,72.5,83.4
2025-06-26 04:20:00,72.14,83.2
2025-06-26 05:20:00,71.96,83.4
2025-06-26 06:20:00,72.14,83.4
2025-06-26 07:20:00,71.96,83.3
2025-06-26 08:20:00,71.96,83.4
2025-06-26 09:20:00,71.96,83.5
2025-06-26 10:20:00,71.96,83.2
2025-06-26 11:20:00,71.96,83.2
2025-06-26 12:20:00,72.14,83.2
2025-06-26 13:20:00,71.96,83.5
2025-06-26 14:20:00,72.14,83.7
2025-06-26 15:20:00,71.78,82.8
2025-06-26 16:20:00,72.14,82.8
2025-06-26 17:20:00,71.78,82.8
2025-06-26 18:20:00,71.96,82.8
2025-06-26 19:20:00,71.78,82.8
2025-06-26 20:20:00,71.78,82.6
2025-06-26 21:20:00,71.96,82.8
2025-06-26 22:20:00,71.96,82.7
2025-06-26 23:20:00,71.96,82.7
2025-06-27 00:20:00,71.78,82.6
2025-06-27 01:20:00,71.78,82.6
2025-06-27 02:20:00,71.6,82.8
2025-06-27 03:20:00,71.6,82.7
2025-06-27 04:20:00,71.6,82.9
2025-06-27 05:20:00,71.42,82.7
2025-06-27 06:20:00,71.24,82.9
2025-06-27 07:20:00,71.42,82.9
2025-06-27 08:20:00,71.24,82.8
2025-06-27 09:20:00,71.24,83
2025-06-27 10:20:00,71.24,83
2025-06-27 11:20:00,71.24,83
2025-06-27 12:20:00,71.24,82.8
2025-06-27 13:20:00,69.98,92.6
2025-06-27 14:20:00,69.98,93.2
2025-06-27 15:20:00,71.96,91.9
2025-06-27 16:20:00,73.22,86.8
2025-06-27 17:20:00,73.76,87.2
2025-06-27 18:20:00,73.22,87.2
2025-06-27 19:20:00,73.04,86.1
2025-06-27 20:20:00,72.5,85.9
2025-06-27 21:20:00,72.68,85.5
2025-06-27 22:20:00,72.14,85.4
2025-06-27 23:20:00,71.96,84.9
2025-06-28 00:20:00,72.14,84.9
2025-06-28 01:20:00,71.96,84.7
2025-06-28 02:20:00,71.96,84.5
2025-06-28 03:20:00,71.78,84.6
2025-06-28 04:20:00,71.96,84.5
2025-06-28 05:20:00,71.6,84.4
2025-06-28 06:20:00,71.42,84.1
2025-06-28 07:20:00,71.6,84.2
2025-06-28 08:20:00,71.78,84
2025-06-28 09:20:00,71.42,84.1
2025-06-28 10:20:00,71.24,84.1
2025-06-28 11:20:00,71.42,84.1
2025-06-28 12:20:00,71.24,84
2025-06-28 13:20:00,71.42,83.9
2025-06-28 14:20:00,71.42,83.8
2025-06-28 15:20:00,71.78,83.2
2025-06-28 16:20:00,71.42,83.7
2025-06-28 17:20:00,71.78,84
2025-06-28 18:20:00,71.6,83.9
2025-06-28 19:20:00,71.42,84.1
2025-06-28 20:20:00,71.42,84.1
2025-06-28 21:20:00,71.6,84
2025-06-28 22:20:00,71.42,83.8
2025-06-28 23:20:00,71.78,83.8
2025-06-29 00:20:00,71.78,83.9
2025-06-29 01:20:00,71.78,83.9
2025-06-29 02:20:00,71.78,83.9
2025-06-29 03:20:00,71.6,83.8
2025-06-29 04:20:00,71.42,83.8
2025-06-29 05:20:00,71.6,84
2025-06-29 06:20:00,71.42,83.9
2025-06-29 07:20:00,71.42,83.8
2025-06-29 08:20:00,71.42,83.9
2025-06-29 09:20:00,71.24,83.9
2025-06-29 10:20:00,71.42,83.9
2025-06-29 11:20:00,71.42,84
2025-06-29 12:20:00,71.24,84.1
2025-06-29 13:20:00,69.98,95.1
2025-06-29 14:20:00,69.98,96.2
2025-06-29 15:20:00,70.52,94.9
2025-06-29 16:20:00,70.34,94.3
2025-06-29 17:20:00,70.52,94
2025-06-29 18:20:00,70.34,94.2
2025-06-29 19:20:00,70.7,93.8
2025-06-29 20:20:00,70.52,92.9
2025-06-29 21:20:00,70.52,92.7
2025-06-29 22:20:00,70.34,92.3
2025-06-29 23:20:00,70.34,92
2025-06-30 00:20:00,70.88,91.8
2025-06-30 01:20:00,70.88,90.9
2025-06-30 02:20:00,71.24,90.6
2025-06-30 03:20:00,71.24,90.5
2025-06-30 04:20:00,71.42,90.3
2025-06-30 05:20:00,71.24,90.2
2025-06-30 06:20:00,71.24,90.1
2025-06-30 07:20:00,71.24,90
2025-06-30 08:20:00,71.24,89.8
2025-06-30 09:20:00,71.24,89.7
2025-06-30 10:20:00,71.24,89.5
2025-06-30 11:20:00,71.24,89.4
2025-06-30 12:20:00,71.24,89
2025-06-30 13:20:00,71.24,89.1
2025-06-30 14:20:00,71.24,89
2025-06-30 15:20:00,71.6,89.2
2025-06-30 16:20:00,73.94,86.9
2025-06-30 17:20:00,74.66,86.4
2025-06-30 18:20:00,74.66,86.3
2025-06-30 19:20:00,74.48,86
2025-06-30 20:20:00,74.12,85.9
2025-06-30 21:20:00,73.94,85.9
2025-06-30 22:20:00,73.94,86.2
2025-06-30 23:20:00,73.94,86.1
2025-07-01 00:20:00,73.76,86.1
2025-07-01 01:20:00,73.76,86.2
2025-07-01 02:20:00,73.58,86.3
2025-07-01 03:20:00,72.86,85.9
2025-07-01 04:20:00,73.04,85.8
2025-07-01 05:20:00,73.04,86
2025-07-01 06:20:00,73.04,86
2025-07-01 07:20:00,72.86,86.1
2025-07-01 08:20:00,73.04,86.2
2025-07-01 09:20:00,72.86,88.2
2025-07-01 10:20:00,73.94,87.8
2025-07-01 11:20:00,75.56,85.5
2025-07-01 12:20:00,75.38,84.4
2025-07-01 13:20:00,75.56,84.2
2025-07-01 14:20:00,75.38,83.7
2025-07-01 15:20:00,75.2,83.4
2025-07-01 16:20:00,75.02,83.8
2025-07-01 17:20:00,75.02,84.4
2025-07-01 18:20:00,74.84,84.5
2025-07-01 19:20:00,74.48,84.8
2025-07-01 20:20:00,74.48,84.8
2025-07-01 21:20:00,74.12,84.4
2025-07-01 22:20:00,73.94,84.1
2025-07-01 23:20:00,73.76,84.3
2025-07-02 00:20:00,73.94,84.1
2025-07-02 01:20:00,73.22,83.8
2025-07-02 02:20:00,73.58,83.9
2025-07-02 03:20:00,73.58,83.8
2025-07-02 04:20:00,73.76,84
2025-07-02 05:20:00,73.22,83.9
2025-07-02 06:20:00,73.58,84
2025-07-02 07:20:00,73.22,84.2
2025-07-02 08:20:00,73.22,84.1
2025-07-02 09:20:00,73.04,84.1
2025-07-02 10:20:00,73.04,84.2
2025-07-02 11:20:00,73.04,84
2025-07-02 12:20:00,72.86,83.9
2025-07-02 13:20:00,73.04,83.8
2025-07-02 14:20:00,73.4,84.1
2025-07-02 15:20:00,73.4,83.7
2025-07-02 16:20:00,73.58,83.4
2025-07-02 17:20:00,73.58,83.1
2025-07-02 18:20:00,71.96,95.4
2025-07-02 19:20:00,71.96,96.9
2025-07-02 20:20:00,71.6,96.7
2025-07-02 21:20:00,71.42,95.6
2025-07-02 22:20:00,71.78,94.6
2025-07-02 23:20:00,71.96,92.5
2025-07-03 00:20:00,72.14,92.4
2025-07-03 01:20:00,72.14,92.1
2025-07-03 02:20:00,72.32,90.7
2025-07-03 03:20:00,72.5,91.7
2025-07-03 04:20:00,72.68,90.9
2025-07-03 05:20:00,72.68,91.2
2025-07-03 06:20:00,72.86,91.1
2025-07-03 07:20:00,72.68,91.6
2025-07-03 08:20:00,72.5,90.9
2025-07-03 09:20:00,72.5,89.6
2025-07-03 10:20:00,73.58,88
2025-07-03 11:20:00,73.94,89.8
2025-07-03 12:20:00,73.58,88.3
2025-07-03 13:20:00,73.22,88.2
2025-07-03 14:20:00,75.02,84.1
2025-07-03 15:20:00,75.92,83.3
2025-07-03 16:20:00,76.1,83.5
2025-07-03 17:20:00,76.28,84.2
2025-07-03 18:20:00,75.74,83.6
2025-07-03 19:20:00,75.74,83.8
2025-07-03 20:20:00,75.56,83.9
2025-07-03 21:20:00,75.38,83.9
2025-07-03 22:20:00,75.2,84.2
2025-07-03 23:20:00,74.84,84.3
2025-07-04 00:20:00,74.66,83.5
2025-07-04 01:20:00,74.84,83.1
2025-07-04 02:20:00,74.48,83.1
2025-07-04 03:20:00,74.48,83.1
2025-07-04 04:20:00,73.94,82.8
2025-07-04 05:20:00,74.12,82.7
2025-07-04 06:20:00,73.94,82.8
2025-07-04 07:20:00,73.76,82.7
2025-07-04 08:20:00,73.94,82.7
2025-07-04 09:20:00,73.76,82.9
2025-07-04 10:20:00,72.86,94.3
2025-07-04 11:20:00,71.24,97.6
2025-07-04 12:20:00,71.24,98
2025-07-04 13:20:00,72.14,97.9
2025-07-04 14:20:00,72.32,96.3
2025-07-04 15:20:00,72.32,95.2
2025-07-04 16:20:00,72.86,94.2
2025-07-04 17:20:00,73.04,94.1
2025-07-04 18:20:00,73.22,92.6
2025-07-04 19:20:00,73.4,92.6
2025-07-04 20:20:00,73.22,89.6
2025-07-04 21:20:00,73.4,89.4
2025-07-04 22:20:00,73.58,88.8
2025-07-04 23:20:00,73.22,87.8
2025-07-05 00:20:00,73.76,87.5
2025-07-05 01:20:00,73.4,88
2025-07-05 02:20:00,73.58,87.6
2025-07-05 03:20:00,73.22,87.2
2025-07-05 04:20:00,73.22,87.4
2025-07-05 05:20:00,73.22,88.2
2025-07-05 06:20:00,73.22,87.8
2025-07-05 07:20:00,73.22,88.1
2025-07-05 08:20:00,73.04,87.3
2025-07-05 09:20:00,73.04,87.3
2025-07-05 10:20:00,73.4,86.7
2025-07-05 11:20:00,73.04,86.8
2025-07-05 12:20:00,73.22,86.4
2025-07-05 13:20:00,73.04,86.4
2025-07-05 14:20:00,73.22,85.6
2025-07-05 15:20:00,74.12,84.1
2025-07-05 16:20:00,74.66,85.1
2025-07-05 17:20:00,74.66,84.2
2025-07-05 18:20:00,74.66,84.8
2025-07-05 19:20:00,74.48,84.9
2025-07-05 20:20:00,73.94,84.8
2025-07-05 21:20:00,73.94,84.8
2025-07-05 22:20:00,73.94,85
2025-07-05 23:20:00,73.76,85
2025-07-06 00:20:00,73.76,85
2025-07-06 01:20:00,73.94,84.8
2025-07-06 02:20:00,73.94,84.7
2025-07-06 03:20:00,73.94,84.5
2025-07-06 04:20:00,73.76,84.8
2025-07-06 05:20:00,73.4,84.6
2025-07-06 06:20:00,73.4,84.7
2025-07-06 07:20:00,73.04,84.7
2025-07-06 08:20:00,73.04,84.5
2025-07-06 09:20:00,73.22,84.3
2025-07-06 10:20:00,73.04,84.5
2025-07-06 11:20:00,73.04,84.3
2025-07-06 12:20:00,73.4,84.6
2025-07-06 13:20:00,73.22,84.6
2025-07-06 14:20:00,73.58,84.7
2025-07-06 15:20:00,73.4,84.8
2025-07-06 16:20:00,73.76,84.6
2025-07-06 17:20:00,73.58,84.4
2025-07-06 18:20:00,73.58,84.4
2025-07-06 19:20:00,73.76,84.6
2025-07-06 20:20:00,73.76,84.5
2025-07-06 21:20:00,73.76,84.3
2025-07-06 22:20:00,73.76,84.4
2025-07-06 23:20:00,73.58,84.4
2025-07-07 00:20:00,73.76,84.3
2025-07-07 01:20:00,73.94,84.2
2025-07-07 02:20:00,73.94,84.4
2025-07-07 03:20:00,73.58,84.2
2025-07-07 04:20:00,73.76,84.2
2025-07-07 05:20:00,73.94,84.4
2025-07-07 06:20:00,73.58,84.2
2025-07-07 07:20:00,73.58,84.2
2025-07-07 08:20:00,73.4,84.1
2025-07-07 09:20:00,73.76,84.1
2025-07-07 10:20:00,73.4,85.1
2025-07-07 11:20:00,72.32,90.8
2025-07-07 12:20:00,72.68,87.4
2025-07-07 13:20:00,73.22,87.2
2025-07-07 14:20:00,73.58,86.3
2025-07-07 15:20:00,73.76,86.3
2025-07-07 16:20:00,73.94,86.2
2025-07-07 17:20:00,73.94,86.1
2025-07-07 18:20:00,74.12,86
2025-07-07 19:20:00,73.94,85.8
2025-07-07 20:20:00,73.94,85.7
2025-07-07 21:20:00,73.94,85.8
2025-07-07 22:20:00,73.94,85.7
2025-07-07 23:20:00,73.94,85.8
2025-07-08 00:20:00,73.94,85.6
2025-07-08 01:20:00,73.94,85.8
2025-07-08 02:20:00,73.94,85.8
2025-07-08 03:20:00,73.94,85.9
2025-07-08 04:20:00,73.58,85.9
2025-07-08 05:20:00,73.76,86
2025-07-08 06:20:00,73.76,86.2
2025-07-08 07:20:00,73.58,86.1
2025-07-08 08:20:00,73.58,86.1
2025-07-08 09:20:00,73.58,86
2025-07-08 10:20:00,73.4,85.9
2025-07-08 11:20:00,73.76,85.8
2025-07-08 12:20:00,73.4,85.7
2025-07-08 13:20:00,73.58,85.6
2025-07-08 14:20:00,73.4,85.7
2025-07-08 15:20:00,73.58,85.7
2025-07-08 16:20:00,73.58,86.1
2025-07-08 17:20:00,73.58,86
2025-07-08 18:20:00,73.94,86.1
2025-07-08 19:20:00,73.94,85.9
2025-07-08 20:20:00,73.76,85.6
2025-07-08 21:20:00,73.76,85.6
2025-07-08 22:20:00,73.58,85.5
2025-07-08 23:20:00,73.58,85.4
2025-07-09 00:20:00,73.22,85.3
2025-07-09 01:20:00,73.58,85.3
2025-07-09 02:20:00,73.58,85.1
2025-07-09 03:20:00,73.4,85.3
2025-07-09 04:20:00,73.22,85.4
2025-07-09 05:20:00,73.58,85.4
2025-07-09 06:20:00,73.22,85.4
2025-07-09 07:20:00,73.22,85.4
2025-07-09 08:20:00,73.22,85.6
2025-07-09 09:20:00,73.04,85.7
2025-07-09 10:20:00,73.4,85.4
2025-07-09 11:20:00,73.22,85.1
2025-07-09 12:20:00,73.22,84.9
2025-07-09 13:20:00,73.22,84.8
2025-07-09 14:20:00,73.22,84.7
2025-07-09 15:20:00,73.22,84.6
2025-07-09 16:20:00,73.22,84.7
2025-07-09 17:20:00,73.58,85
2025-07-09 18:20:00,73.58,85.2
2025-07-09 19:20:00,73.58,85.2
2025-07-09 20:20:00,73.22,85.6
2025-07-09 21:20:00,73.76,86
2025-07-09 22:20:00,73.58,86.1
2025-07-09 23:20:00,73.4,86.3
2025-07-10 00:20:00,73.4,86.3
2025-07-10 01:20:00,73.58,86.5
2025-07-10 02:20:00,73.22,86.4
2025-07-10 03:20:00,73.58,86.7
2025-07-10 04:20:00,73.4,86.6
2025-07-10 05:20:00,73.4,86.7
2025-07-10 06:20:00,73.22,86.5
2025-07-10 07:20:00,73.22,86.6
2025-07-10 08:20:00,73.22,86.6
2025-07-10 09:20:00,73.04,86.7
2025-07-10 10:20:00,73.04,86.7
2025-07-10 11:20:00,72.86,86.9
2025-07-10 12:20:00,73.04,86.7
2025-07-10 13:20:00,73.22,87
2025-07-10 14:20:00,73.4,86.8
2025-07-10 15:20:00,73.04,86.7
2025-07-10 16:20:00,73.22,86.8
2025-07-10 17:20:00,73.04,87
2025-07-10 18:20:00,73.04,87
2025-07-10 19:20:00,72.68,86.7
2025-07-10 20:20:00,72.86,86.7
2025-07-10 21:20:00,73.04,86.7
2025-07-10 22:20:00,72.86,86.7
2025-07-10 23:20:00,72.86,86.9
2025-07-11 00:20:00,73.04,86.7
2025-07-11 01:20:00,72.86,86.7
2025-07-11 02:20:00,72.86,86.8
2025-07-11 03:20:00,72.86,86.8
2025-07-11 04:20:00,72.68,87.1
2025-07-11 05:20:00,72.86,87
2025-07-11 06:20:00,72.68,87.1
2025-07-11 07:20:00,72.5,87
2025-07-11 08:20:00,72.5,87.1
2025-07-11 09:20:00,72.32,87.1
2025-07-11 10:20:00,72.5,87.3
2025-07-11 11:20:00,72.68,87.2
2025-07-11 12:20:00,72.5,87.2
2025-07-11 13:20:00,72.86,87
2025-07-11 14:20:00,72.86,87
2025-07-11 15:20:00,72.68,87.1
2025-07-11 16:20:00,72.68,87.1
2025-07-11 17:20:00,72.68,87.2
2025-07-11 18:20:00,72.68,87.2
2025-07-11 19:20:00,72.68,87.2
2025-07-11 20:20:00,73.04,87.3
2025-07-11 21:20:00,72.86,87.1
2025-07-11 22:20:00,72.68,87
2025-07-11 23:20:00,72.68,87
2025-07-12 00:20:00,72.86,87.1
2025-07-12 01:20:00,72.68,86.8
2025-07-12 02:20:00,72.32,86.8
2025-07-12 03:20:00,72.68,86.8
2025-07-12 04:20:00,72.68,86.7
2025-07-12 05:20:00,72.68,86.8
2025-07-12 06:20:00,72.5,86.8
2025-07-12 07:20:00,72.68,86.7
2025-07-12 08:20:00,72.5,86.7
2025-07-12 09:20:00,72.14,86.7
2025-07-12 10:20:00,72.32,86.8
2025-07-12 11:20:00,72.5,86.8
2025-07-12 12:20:00,72.5,86.9
2025-07-12 13:20:00,72.32,86.7
2025-07-12 14:20:00,72.32,86.7
2025-07-12 15:20:00,72.68,86.8
2025-07-12 16:20:00,72.14,86.7
2025-07-12 17:20:00,72.5,86.8
2025-07-12 18:20:00,72.68,86.8
2025-07-12 19:20:00,72.68,87
2025-07-12 20:20:00,72.68,87
2025-07-12 21:20:00,72.68,87
2025-07-12 22:20:00,72.68,87.2
2025-07-12 23:20:00,72.68,87.1
2025-07-13 00:20:00,72.68,87.2
2025-07-13 01:20:00,72.32,87.1
2025-07-13 02:20:00,72.68,87.1
2025-07-13 03:20:00,72.5,87.2
2025-07-13 04:20:00,72.32,87.1
2025-07-13 05:20:00,72.32,87.3
2025-07-13 06:20:00,72.32,87.1
2025-07-13 07:20:00,72.32,86.9
2025-07-13 08:20:00,72.14,87
2025-07-13 09:20:00,72.32,87
2025-07-13 10:20:00,72.14,87.2
2025-07-13 11:20:00,72.14,87
2025-07-13 12:20:00,72.32,87.1
2025-07-13 13:20:00,72.32,87
2025-07-13 14:20:00,72.14,87
2025-07-13 15:20:00,72.5,86.6
2025-07-13 16:20:00,72.68,86.4
2025-07-13 17:20:00,72.86,86.5
2025-07-13 18:20:00,72.68,86.3
2025-07-13 19:20:00,72.86,86.6
2025-07-13 20:20:00,72.86,86.9
2025-07-13 21:20:00,72.86,86.7
2025-07-13 22:20:00,72.86,86.7
2025-07-13 23:20:00,72.68,86.6
2025-07-14 00:20:00,72.68,86.7
2025-07-14 01:20:00,73.04,86.7
2025-07-14 02:20:00,72.86,86.8
2025-07-14 03:20:00,72.86,86.7
2025-07-14 04:20:00,72.68,86.4
2025-07-14 05:20:00,72.5,86.4
2025-07-14 06:20:00,73.04,86.2
2025-07-14 07:20:00,72.5,86.1
2025-07-14 08:20:00,72.68,86.1
2025-07-14 09:20:00,72.32,86.1
2025-07-14 10:20:00,72.32,85.8
2025-07-14 11:20:00,72.68,85.7
2025-07-14 12:20:00,72.14,85.6
2025-07-14 13:20:00,72.14,85.5
2025-07-14 14:20:00,72.32,85.5
2025-07-14 15:20:00,72.86,85.5
2025-07-14 16:20:00,72.86,85.5
2025-07-14 17:20:00,73.04,85.4
2025-07-14 18:20:00,73.04,85.4
2025-07-14 19:20:00,72.86,85.2
2025-07-14 20:20:00,72.86,85.3
2025-07-14 21:20:00,72.68,85.2
2025-07-14 22:20:00,72.86,85.2
2025-07-14 23:20:00,72.86,84.9
2025-07-15 00:20:00,73.22,85
2025-07-15 01:20:00,72.86,84.8
2025-07-15 02:20:00,72.86,84.8
2025-07-15 03:20:00,72.86,84.8
2025-07-15 04:20:00,72.86,84.8
2025-07-15 05:20:00,72.86,84.5
2025-07-15 06:20:00,72.86,84.8
2025-07-15 07:20:00,72.68,84.8
2025-07-15 08:20:00,72.68,84.7
2025-07-15 09:20:00,72.14,84.7
2025-07-15 10:20:00,72.68,84.4
2025-07-15 11:20:00,72.86,84.3
2025-07-15 12:20:00,72.68,83.9
2025-07-15 13:20:00,72.86,83.8
2025-07-15 14:20:00,72.68,83.8
2025-07-15 15:20:00,73.04,83.8
2025-07-15 16:20:00,72.68,84.1
2025-07-15 17:20:00,72.68,84.5
2025-07-15 18:20:00,73.04,84.7
2025-07-15 19:20:00,72.86,84.7
2025-07-15 20:20:00,73.04,84.6
2025-07-15 21:20:00,72.86,84.8
2025-07-15 22:20:00,73.04,84.9
2025-07-15 23:20:00,72.86,84.9
2025-07-16 00:20:00,72.86,84.9
2025-07-16 01:20:00,72.86,84.8
2025-07-16 02:20:00,72.68,84.8
2025-07-16 03:20:00,72.86,84.8
2025-07-16 04:20:00,72.68,85
2025-07-16 05:20:00,72.68,84.8
2025-07-16 06:20:00,72.68,85
2025-07-16 07:20:00,72.68,85
2025-07-16 08:20:00,72.68,85
2025-07-16 09:20:00,72.32,85
2025-07-16 10:20:00,72.32,85.1
2025-07-16 11:20:00,72.68,85.1
2025-07-16 12:20:00,72.32,84.9
2025-07-16 13:20:00,72.68,84.7
2025-07-16 14:20:00,72.68,85
2025-07-16 15:20:00,73.04,85.1
2025-07-16 16:20:00,73.22,84.8
2025-07-16 17:20:00,72.86,84.7
2025-07-16 18:20:00,73.04,84.6
2025-07-16 19:20:00,72.86,84.4
2025-07-16 20:20:00,72.86,84.3
2025-07-16 21:20:00,72.86,84.3
2025-07-16 22:20:00,73.04,84.2
2025-07-16 23:20:00,73.04,84.1
2025-07-17 00:20:00,72.86,84.1
2025-07-17 01:20:00,72.86,83.6
2025-07-17 02:20:00,73.04,83.7
2025-07-17 03:20:00,73.22,83.5
2025-07-17 04:20:00,73.04,83.3
2025-07-17 05:20:00,73.22,83.5
2025-07-17 06:20:00,73.22,83.5
2025-07-17 07:20:00,73.4,83.8
2025-07-17 08:20:00,73.04,83.8
2025-07-17 09:20:00,72.86,83.8
2025-07-17 10:20:00,73.04,83.6
2025-07-17 11:20:00,73.22,83.4
2025-07-17 12:20:00,73.22,83.1
2025-07-17 13:20:00,73.04,82.9
2025-07-17 14:20:00,73.22,82.8
2025-07-17 15:20:00,73.22,83.5
2025-07-17 16:20:00,73.4,83.7
2025-07-17 17:20:00,73.76,83.9
2025-07-17 18:20:00,73.4,85.2
2025-07-17 19:20:00,73.58,84.4
2025-07-17 20:20:00,73.58,84.3
2025-07-17 21:20:00,74.84,88.2
2025-07-17 22:20:00,75.74,87.7
2025-07-17 23:20:00,75.92,87
2025-07-18 00:20:00,75.92,86.6
2025-07-18 01:20:00,75.74,86.3
2025-07-18 02:20:00,75.38,86.2
2025-07-18 03:20:00,75.2,86
2025-07-18 04:20:00,74.84,85.9
2025-07-18 05:20:00,74.66,85.9
2025-07-18 06:20:00,74.48,85.9
2025-07-18 07:20:00,74.84,86
2025-07-18 08:20:00,74.48,86
2025-07-18 09:20:00,74.12,86.1
2025-07-18 10:20:00,73.94,86.1
2025-07-18 11:20:00,74.12,85.8
2025-07-18 12:20:00,73.94,85.7
2025-07-18 13:20:00,73.94,85.6
2025-07-18 14:20:00,73.94,85.4
2025-07-18 15:20:00,73.94,85.4
2025-07-18 16:20:00,74.66,85.6
2025-07-18 17:20:00,74.3,85.6
2025-07-18 18:20:00,74.48,85.7
2025-07-18 19:20:00,74.48,85.9
2025-07-18 20:20:00,74.12,86.1
2025-07-18 21:20:00,74.3,86
2025-07-18 22:20:00,73.94,86
2025-07-18 23:20:00,74.12,85.9
2025-07-19 00:20:00,74.3,86.1
2025-07-19 01:20:00,74.3,85.9
2025-07-19 02:20:00,74.48,86.1
2025-07-19 03:20:00,73.94,85.9
2025-07-19 04:20:00,74.3,85.8
2025-07-19 05:20:00,73.94,85.6
2025-07-19 06:20:00,73.94,85.8
2025-07-19 07:20:00,73.94,85.7
2025-07-19 08:20:00,73.76,85.7
2025-07-19 09:20:00,73.94,85.6
2025-07-19 10:20:00,73.58,85.6
2025-07-19 11:20:00,73.58,89.3
2025-07-19 12:20:00,72.68,93.8
2025-07-19 13:20:00,72.5,91.7
2025-07-19 14:20:00,73.22,90.7
2025-07-19 15:20:00,73.04,89.4
2025-07-19 16:20:00,73.4,89.2
2025-07-19 17:20:00,73.76,88.2
2025-07-19 18:20:00,73.76,88
2025-07-19 19:20:00,73.94,87.6
2025-07-19 20:20:00,74.12,87.3
2025-07-19 21:20:00,73.94,87.3
2025-07-19 22:20:00,73.94,87.3
2025-07-19 23:20:00,73.94,87.1
2025-07-20 00:20:00,74.12,86.8
2025-07-20 01:20:00,73.94,86.6
2025-07-20 02:20:00,73.94,86.5
2025-07-20 03:20:00,73.94,86.4
2025-07-20 04:20:00,74.12,86.3
2025-07-20 05:20:00,73.94,86.4
2025-07-20 06:20:00,73.94,86.5
2025-07-20 07:20:00,74.12,86.5
2025-07-20 08:20:00,73.94,86.5
2025-07-20 09:20:00,73.94,86.7
2025-07-20 10:20:00,73.94,86.7
2025-07-20 11:20:00,73.94,86.8
2025-07-20 12:20:00,74.12,87
2025-07-20 13:20:00,73.94,86.9
2025-07-20 14:20:00,74.12,86.9
2025-07-20 15:20:00,73.94,86.7
2025-07-20 16:20:00,74.12,86.7
2025-07-20 17:20:00,74.12,86.7
2025-07-20 18:20:00,74.3,86.5
2025-07-20 19:20:00,74.66,86.5
2025-07-20 20:20:00,74.3,86.2
2025-07-20 21:20:00,74.66,86.4
2025-07-20 22:20:00,74.48,86.4
2025-07-20 23:20:00,74.3,86.3
2025-07-21 00:20:00,74.48,86.3
2025-07-21 01:20:00,74.48,86.3
2025-07-21 02:20:00,74.12,86.2
2025-07-21 03:20:00,74.48,86.2
2025-07-21 04:20:00,74.12,86.2
2025-07-21 05:20:00,74.48,86.3
2025-07-21 06:20:00,74.12,86.2
2025-07-21 07:20:00,74.12,86.1
2025-07-21 08:20:00,74.12,86.2
2025-07-21 09:20:00,74.3,86.3
2025-07-21 10:20:00,74.12,86.8
2025-07-21 11:20:00,74.3,86.6
2025-07-21 12:20:00,74.12,86.4
2025-07-21 13:20:00,75.56,85.7
2025-07-21 14:20:00,76.64,84.5
2025-07-21 15:20:00,77.18,84.1
2025-07-21 16:20:00,77,83.6
2025-07-21 17:20:00,76.82,83.3
2025-07-21 18:20:00,76.64,83.4
2025-07-21 19:20:00,76.64,83.4
2025-07-21 20:20:00,76.28,83.5
2025-07-21 21:20:00,76.28,83.7
2025-07-21 22:20:00,75.74,83.8
2025-07-21 23:20:00,75.74,83.9
2025-07-22 00:20:00,75.74,84.2
2025-07-22 01:20:00,75.56,84
2025-07-22 02:20:00,75.74,83.8
2025-07-22 03:20:00,75.02,83.9
2025-07-22 04:20:00,75.38,83.8
2025-07-22 05:20:00,75.2,83.8
2025-07-22 06:20:00,75.38,83.9
2025-07-22 07:20:00,75.38,84.1
2025-07-22 08:20:00,75.38,84.1
2025-07-22 09:20:00,75.02,83.9
2025-07-22 10:20:00,74.84,83.7
2025-07-22 11:20:00,74.84,83.8
2025-07-22 12:20:00,75.2,83.8
2025-07-22 13:20:00,75.2,84.1
2025-07-22 14:20:00,75.2,84.7
2025-07-22 15:20:00,75.38,84.7
2025-07-22 16:20:00,76.82,83.2
2025-07-22 17:20:00,77.72,82.1
2025-07-22 18:20:00,78.08,82.1
2025-07-22 19:20:00,77.54,82.1
2025-07-22 20:20:00,77.54,82.1
2025-07-22 21:20:00,77.36,82.1
2025-07-22 22:20:00,76.82,82.1
2025-07-22 23:20:00,76.82,82.3
2025-07-23 00:20:00,76.46,82.4
2025-07-23 01:20:00,76.46,82.7
2025-07-23 02:20:00,76.28,82.9
2025-07-23 03:20:00,75.92,82.5
2025-07-23 04:20:00,75.74,82.3
2025-07-23 05:20:00,75.74,82.5
2025-07-23 06:20:00,75.56,82.6
2025-07-23 07:20:00,75.38,82.7
2025-07-23 08:20:00,75.38,82.7
2025-07-23 09:20:00,75.02,82.5
2025-07-23 10:20:00,75.2,82.8
2025-07-23 11:20:00,75.38,82.7
2025-07-23 12:20:00,75.38,82.8
2025-07-23 13:20:00,75.38,82.7
2025-07-23 14:20:00,75.38,83
2025-07-23 15:20:00,75.56,82.8
2025-07-23 16:20:00,75.56,82.6
2025-07-23 17:20:00,75.74,82.7
2025-07-23 18:20:00,75.38,82.4
2025-07-23 19:20:00,75.56,82.3
2025-07-23 20:20:00,75.56,81.6
2025-07-23 21:20:00,75.38,81.1
2025-07-23 22:20:00,75.02,80.5
2025-07-23 23:20:00,75.2,80.1
2025-07-24 00:20:00,75.02,79.7
2025-07-24 01:20:00,74.84,79.6
2025-07-24 02:20:00,75.02,79.5
2025-07-24 03:20:00,75.02,79.5
2025-07-24 04:20:00,74.84,79.4
2025-07-24 05:20:00,74.84,79.4
2025-07-24 06:20:00,74.66,79.4
2025-07-24 07:20:00,74.84,79.3
2025-07-24 08:20:00,74.66,79.2
2025-07-24 09:20:00,74.48,79.3
2025-07-24 10:20:00,74.66,79.3
2025-07-24 11:20:00,74.66,79.6
2025-07-24 12:20:00,74.66,79.7
2025-07-24 13:20:00,74.84,79.7
2025-07-24 14:20:00,74.84,79.9
2025-07-24 15:20:00,74.66,80
2025-07-24 16:20:00,75.02,79.8
2025-07-24 17:20:00,74.84,79.8
2025-07-24 18:20:00,74.66,79.8
2025-07-24 19:20:00,75.02,79.8
2025-07-24 20:20:00,74.84,79.8
2025-07-24 21:20:00,75.02,80
2025-07-24 22:20:00,74.66,80.1
2025-07-24 23:20:00,74.84,80
2025-07-25 00:20:00,75.02,80.3
2025-07-25 01:20:00,74.84,80.4
2025-07-25 02:20:00,75.02,80.4
2025-07-25 03:20:00,74.84,80.4
2025-07-25 04:20:00,75.02,80.5
2025-07-25 05:20:00,74.84,80.6
2025-07-25 06:20:00,74.66,80.8
2025-07-25 07:20:00,74.84,81.1
2025-07-25 08:20:00,74.84,81.1
2025-07-25 09:20:00,74.66,81.2
2025-07-25 10:20:00,74.48,81.2
2025-07-25 11:20:00,74.66,81.1
2025-07-25 12:20:00,74.66,81.1
2025-07-25 13:20:00,74.84,81.1
2025-07-25 14:20:00,74.66,81.2
2025-07-25 15:20:00,74.66,81.2
2025-07-25 16:20:00,74.84,81.3
2025-07-25 17:20:00,74.84,81.4
2025-07-25 18:20:00,74.84,81.4
2025-07-25 19:20:00,74.84,81.3
2025-07-25 20:20:00,74.84,81.2
2025-07-25 21:20:00,75.02,81
2025-07-25 22:20:00,74.84,81.2
2025-07-25 23:20:00,75.02,81.3
2025-07-26 00:20:00,74.84,81.4
2025-07-26 01:20:00,75.02,81.5
2025-07-26 02:20:00,75.02,81.9
2025-07-26 03:20:00,74.84,81.7
2025-07-26 04:20:00,75.02,81.8
2025-07-26 05:20:00,74.84,82
2025-07-26 06:20:00,74.84,82.2
2025-07-26 07:20:00,74.66,82.2
2025-07-26 08:20:00,75.02,82.3
2025-07-26 09:20:00,74.84,82.2
2025-07-26 10:20:00,74.84,82.3
2025-07-26 11:20:00,74.66,82.1
2025-07-26 12:20:00,74.84,81.8
2025-07-26 13:20:00,74.66,81.4
2025-07-26 14:20:00,74.66,81.1
2025-07-26 15:20:00,75.02,81
2025-07-26 16:20:00,75.02,81
2025-07-26 17:20:00,75.2,81.1
2025-07-26 18:20:00,75.2,81.1
2025-07-26 19:20:00,75.2,81.1
2025-07-26 20:20:00,75.38,81.1
2025-07-26 21:20:00,77.72,80.4
2025-07-26 22:20:00,78.26,79.7
2025-07-26 23:20:00,78.26,79.8
2025-07-27 00:20:00,78.26,79.9
2025-07-27 01:20:00,78.08,79.8
2025-07-27 02:20:00,77.54,79.9
2025-07-27 03:20:00,77.54,80
2025-07-27 04:20:00,77.18,80.3
2025-07-27 05:20:00,76.82,80.4
2025-07-27 06:20:00,76.64,80.6
2025-07-27 07:20:00,76.28,80.6
2025-07-27 08:20:00,76.28,80.8
2025-07-27 09:20:00,76.28,81
2025-07-27 10:20:00,76.1,81.1
2025-07-27 11:20:00,75.92,80.8
2025-07-27 12:20:00,75.92,80.7
2025-07-27 13:20:00,75.74,80.6
2025-07-27 14:20:00,75.92,80.7
2025-07-27 15:20:00,76.28,80.6
2025-07-27 16:20:00,76.28,80.5
2025-07-27 17:20:00,76.28,80.5
2025-07-27 18:20:00,76.46,80.6
2025-07-27 19:20:00,76.46,80.7
2025-07-27 20:20:00,76.28,80.8
2025-07-27 21:20:00,76.46,80.8
2025-07-27 22:20:00,76.64,80.7
2025-07-27 23:20:00,76.28,80.6
2025-07-28 00:20:00,76.28,80.4
2025-07-28 01:20:00,76.28,80.7
2025-07-28 02:20:00,76.28,80.6
2025-07-28 03:20:00,76.28,80.5
2025-07-28 04:20:00,76.28,80.7
2025-07-28 05:20:00,76.1,80.8
2025-07-28 06:20:00,76.46,80.9
2025-07-28 07:20:00,75.92,81
2025-07-28 08:20:00,76.28,81.1
2025-07-28 09:20:00,76.28,81.2
2025-07-28 10:20:00,76.1,81.2
2025-07-28 11:20:00,76.28,81
2025-07-28 12:20:00,76.28,80.9
2025-07-28 13:20:00,76.1,80.8
2025-07-28 14:20:00,75.92,80.6
2025-07-28 15:20:00,75.92,80.9
2025-07-28 16:20:00,75.92,81.5
2025-07-28 17:20:00,76.28,81.6
2025-07-28 18:20:00,76.28,81.8
2025-07-28 19:20:00,76.28,82
2025-07-28 20:20:00,76.28,82
2025-07-28 21:20:00,76.28,82
2025-07-28 22:20:00,75.92,82
2025-07-28 23:20:00,76.28,82
2025-07-29 00:20:00,76.28,82.2
2025-07-29 01:20:00,75.92,82.1
2025-07-29 02:20:00,75.74,82.1
2025-07-29 03:20:00,75.74,82.1
2025-07-29 04:20:00,75.92,82.1
2025-07-29 05:20:00,75.74,82.1
2025-07-29 06:20:00,75.74,82.1
2025-07-29 07:20:00,75.56,82
2025-07-29 08:20:00,75.92,82
2025-07-29 09:20:00,75.38,82.2
2025-07-29 10:20:00,75.74,82.2
2025-07-29 11:20:00,75.56,82.2
2025-07-29 12:20:00,75.74,82.2
2025-07-29 13:20:00,75.74,82.2
2025-07-29 14:20:00,75.74,82.2
2025-07-29 15:20:00,75.92,82
2025-07-29 16:20:00,75.74,81.8
2025-07-29 17:20:00,76.28,81.8
2025-07-29 18:20:00,75.92,81.7
2025-07-29 19:20:00,75.92,82.7
2025-07-29 20:20:00,75.92,82.6
2025-07-29 21:20:00,76.28,82.9
2025-07-29 22:20:00,75.92,83
2025-07-29 23:20:00,76.1,83
2025-07-30 00:20:00,75.74,83.1
2025-07-30 01:20:00,75.92,83
2025-07-30 02:20:00,75.74,83
2025-07-30 03:20:00,75.92,83
2025-07-30 04:20:00,75.74,83.2
2025-07-30 05:20:00,75.74,83.1
2025-07-30 06:20:00,75.74,83.2
2025-07-30 07:20:00,75.56,83.2
2025-07-30 08:20:00,75.56,83.3
2025-07-30 09:20:00,75.74,83.4
2025-07-30 10:20:00,75.56,83.1
2025-07-30 11:20:00,75.56,83
2025-07-30 12:20:00,75.2,82.8
2025-07-30 13:20:00,75.2,82.4
2025-07-30 14:20:00,75.56,82.4
2025-07-30 15:20:00,75.56,82.6
2025-07-30 16:20:00,75.56,83
2025-07-30 17:20:00,75.38,83.2
2025-07-30 18:20:00,75.56,83.4
2025-07-30 19:20:00,75.74,83.6
2025-07-30 20:20:00,75.56,83.6
2025-07-30 21:20:00,75.74,83.7
2025-07-30 22:20:00,75.56,83.7
2025-07-30 23:20:00,75.56,83.7
2025-07-31 00:20:00,75.38,83.5
2025-07-31 01:20:00,75.38,83.5
2025-07-31 02:20:00,75.38,83.6
2025-07-31 03:20:00,75.38,83.5
2025-07-31 04:20:00,75.2,83.6
2025-07-31 05:20:00,75.38,83.8
2025-07-31 06:20:00,75.38,83.8
2025-07-31 07:20:00,75.38,83.8
2025-07-31 08:20:00,75.02,83.6
2025-07-31 09:20:00,74.84,83.7
2025-07-31 10:20:00,74.84,83.7
2025-07-31 11:20:00,75.38,84
2025-07-31 12:20:00,75.38,84
2025-07-31 13:20:00,75.02,84.2
2025-07-31 14:20:00,75.02,84.3
2025-07-31 15:20:00,75.38,84.1
2025-07-31 16:20:00,75.38,84.4
2025-07-31 17:20:00,75.02,84.2
2025-07-31 18:20:00,75.38,84.3
2025-07-31 19:20:00,75.38,84.5
2025-07-31 20:20:00,75.2,84.4
2025-07-31 21:20:00,75.02,84.1
2025-07-31 22:20:00,75.2,84
2025-07-31 23:20:00,75.2,84.1
2025-08-01 00:20:00,75.02,84
2025-08-01 01:20:00,75.02,84.1
2025-08-01 02:20:00,75.38,84.5
2025-08-01 03:20:00,75.02,84.4
2025-08-01 04:20:00,75.02,84.3
2025-08-01 05:20:00,74.66,84.4
2025-08-01 06:20:00,74.84,84.4
2025-08-01 07:20:00,74.84,84.3
2025-08-01 08:20:00,74.84,84.5
2025-08-01 09:20:00,74.66,84.6
2025-08-01 10:20:00,74.84,84.7
2025-08-01 11:20:00,74.66,84.7
2025-08-01 12:20:00,74.84,84.3
2025-08-01 13:20:00,74.84,84.6
2025-08-01 14:20:00,74.66,84.3
2025-08-01 15:20:00,74.66,84.3
2025-08-01 16:20:00,75.02,84.5
2025-08-01 17:20:00,74.66,84.5
2025-08-01 18:20:00,75.92,83.1
2025-08-01 19:20:00,76.28,82.7
2025-08-01 20:20:00,76.64,82.8
2025-08-01 21:20:00,76.46,82.7
2025-08-01 22:20:00,76.28,82.8
2025-08-01 23:20:00,76.1,83
2025-08-02 00:20:00,75.92,82.9
2025-08-02 01:20:00,75.92,83.1
2025-08-02 02:20:00,75.74,83.2
2025-08-02 03:20:00,75.74,83.3
2025-08-02 04:20:00,75.56,82.9
2025-08-02 05:20:00,75.38,82.6
2025-08-02 06:20:00,75.2,82.3
2025-08-02 07:20:00,75.02,81.9
2025-08-02 08:20:00,74.84,81.6
2025-08-02 09:20:00,75.2,81.3
2025-08-02 10:20:00,74.84,80.9
2025-08-02 11:20:00,74.66,80.8
2025-08-02 12:20:00,74.84,80.6
2025-08-02 13:20:00,74.66,80.6
2025-08-02 14:20:00,74.48,80.5
2025-08-02 15:20:00,74.84,80.5
2025-08-02 16:20:00,74.66,80.4
2025-08-02 17:20:00,74.66,80.5
2025-08-02 18:20:00,74.48,80.5
2025-08-02 19:20:00,74.48,80.4
2025-08-02 20:20:00,74.12,80.5
2025-08-02 21:20:00,74.12,80.3
2025-08-02 22:20:00,73.94,80.1
2025-08-02 23:20:00,73.94,79.9
2025-08-03 00:20:00,73.76,79.7
2025-08-03 01:20:00,73.76,79.4
2025-08-03 02:20:00,73.4,79.1
2025-08-03 03:20:00,73.58,78.9
2025-08-03 04:20:00,73.22,78.6
2025-08-03 05:20:00,73.4,78.5
2025-08-03 06:20:00,73.22,78.3
2025-08-03 07:20:00,73.04,77.9
2025-08-03 08:20:00,72.86,77.7
2025-08-03 09:20:00,72.86,77.4
2025-08-03 10:20:00,72.68,77.1
2025-08-03 11:20:00,72.5,76.9
2025-08-03 12:20:00,72.68,76.8
2025-08-03 13:20:00,72.14,76.5
2025-08-03 14:20:00,72.32,76.1
2025-08-03 15:20:00,72.14,76.2
2025-08-03 16:20:00,71.96,76.1
2025-08-03 17:20:00,72.32,76.1
2025-08-03 18:20:00,71.96,76
2025-08-03 19:20:00,72.14,76
2025-08-03 20:20:00,71.78,75.6
2025-08-03 21:20:00,71.78,75.7
2025-08-03 22:20:00,71.78,75
2025-08-03 23:20:00,71.42,74.8
2025-08-04 00:20:00,71.24,74.8
2025-08-04 01:20:00,71.24,74.7
2025-08-04 02:20:00,71.42,74.8
2025-08-04 03:20:00,71.24,74.7
2025-08-04 04:20:00,71.24,74.6
2025-08-04 05:20:00,71.24,74.6
2025-08-04 06:20:00,71.24,74.9
2025-08-04 07:20:00,71.24,74.7
2025-08-04 08:20:00,71.06,74.6
2025-08-04 09:20:00,70.88,74.7
2025-08-04 10:20:00,70.88,75
2025-08-04 11:20:00,70.88,75.1
2025-08-04 12:20:00,71.24,75.4
2025-08-04 13:20:00,71.24,75.6
2025-08-04 14:20:00,71.06,75.7
2025-08-04 15:20:00,71.24,76.2
2025-08-04 16:20:00,71.24,76.6
2025-08-04 17:20:00,71.06,77
2025-08-04 18:20:00,70.88,77.3
2025-08-04 19:20:00,70.88,77.3
2025-08-04 20:20:00,70.88,77.6
2025-08-04 21:20:00,70.88,77.8
2025-08-04 22:20:00,70.88,78
2025-08-04 23:20:00,70.52,77.9
2025-08-05 00:20:00,70.34,78
2025-08-05 01:20:00,70.34,78.2
2025-08-05 02:20:00,70.52,78.4
2025-08-05 03:20:00,70.34,78.5
2025-08-05 04:20:00,70.34,78.5
2025-08-05 05:20:00,70.34,78.7
2025-08-05 06:20:00,70.34,78.8
2025-08-05 07:20:00,70.16,78.8
2025-08-05 08:20:00,70.16,78.6
2025-08-05 09:20:00,69.98,78.8
2025-08-05 10:20:00,70.16,78.9
2025-08-05 11:20:00,70.16,79
2025-08-05 12:20:00,70.16,79.4
2025-08-05 13:20:00,70.34,79.6
2025-08-05 14:20:00,70.34,80.1
2025-08-05 15:20:00,70.16,80
2025-08-05 16:20:00,69.8,80.2
2025-08-05 17:20:00,69.98,80.4
2025-08-05 18:20:00,70.16,80.4
2025-08-05 19:20:00,70.16,80.9
2025-08-05 20:20:00,69.98,81
2025-08-05 21:20:00,70.16,80.9
2025-08-05 22:20:00,69.98,80.8
2025-08-05 23:20:00,69.8,80.7
2025-08-06 00:20:00,69.98,80.7
2025-08-06 01:20:00,69.8,80.6
2025-08-06 02:20:00,69.62,79.7
2025-08-06 03:20:00,69.44,79.2
2025-08-06 04:20:00,69.62,78.9
2025-08-06 05:20:00,69.62,78.8
2025-08-06 06:20:00,69.62,78.7
2025-08-06 07:20:00,69.62,78.9
2025-08-06 08:20:00,69.44,79
2025-08-06 09:20:00,69.44,79.3
2025-08-06 10:20:00,69.44,79.8
2025-08-06 11:20:00,69.44,79.9
2025-08-06 12:20:00,69.62,80.2
2025-08-06 13:20:00,69.62,80.6
2025-08-06 14:20:00,69.44,81
2025-08-06 15:20:00,69.44,81.6
2025-08-06 16:20:00,69.62,82.2
2025-08-06 17:20:00,69.98,82.6
2025-08-06 18:20:00,69.8,82.7
2025-08-06 19:20:00,69.98,82.7
2025-08-06 20:20:00,69.98,82.7
2025-08-06 21:20:00,69.8,82.8
2025-08-06 22:20:00,70.16,82.9
2025-08-06 23:20:00,69.8,83
2025-08-07 00:20:00,69.8,82.8
2025-08-07 01:20:00,69.98,82.9
2025-08-07 02:20:00,69.8,82.8
2025-08-07 03:20:00,69.98,82.7
2025-08-07 04:20:00,69.44,82.7
2025-08-07 05:20:00,69.44,82.4
2025-08-07 06:20:00,69.62,82.5
2025-08-07 07:20:00,69.8,82.4
2025-08-07 08:20:00,69.8,82.2
2025-08-07 09:20:00,69.98,82.5
2025-08-07 10:20:00,69.44,82.5
2025-08-07 11:20:00,69.62,82.6
2025-08-07 12:20:00,70.16,82.7
2025-08-07 13:20:00,69.62,83.1
2025-08-07 14:20:00,70.34,83.7
2025-08-07 15:20:00,70.34,83.9
2025-08-07 16:20:00,70.34,83.9
2025-08-07 17:20:00,70.34,84
2025-08-07 18:20:00,70.34,85.7
2025-08-07 19:20:00,70.52,87.3
2025-08-07 20:20:00,70.34,88.2
2025-08-07 21:20:00,70.52,88.3
2025-08-07 22:20:00,70.52,88.4
2025-08-07 23:20:00,70.34,88.4
2025-08-08 00:20:00,70.52,88.6
2025-08-08 01:20:00,70.34,88.2
2025-08-08 02:20:00,70.52,88.3
2025-08-08 03:20:00,70.34,88.2
2025-08-08 04:20:00,70.34,88.1
2025-08-08 05:20:00,70.34,88.1
2025-08-08 06:20:00,70.16,87.9
2025-08-08 07:20:00,70.34,88
2025-08-08 08:20:00,69.98,88
2025-08-08 09:20:00,70.34,88
2025-08-08 10:20:00,69.98,88.1
2025-08-08 11:20:00,69.98,87.9
2025-08-08 12:20:00,70.16,88.5
2025-08-08 13:20:00,70.34,88
2025-08-08 14:20:00,69.26,96.2
2025-08-08 15:20:00,69.8,96.8
2025-08-08 16:20:00,70.16,96.5
2025-08-08 17:20:00,70.52,96.2
2025-08-08 18:20:00,70.52,94.9
2025-08-08 19:20:00,70.52,94.8
2025-08-08 20:20:00,70.34,96.3
2025-08-08 21:20:00,69.98,97.6
2025-08-08 22:20:00,70.34,98.4
2025-08-08 23:20:00,69.8,99
2025-08-09 00:20:00,69.62,99
2025-08-09 01:20:00,69.62,98.7